日付,天気,売り上げ
2020/1/1,雨,125027
2020/1/2,くもり,125891
2020/1/3,くもり,120933
2020/1/4,くもり,129119
2020/1/5,くもり,144672
2020/1/6,くもり,139229
2020/1/7,くもり,132221
2020/1/8,くもり,118719
2020/1/9,くもり,131325
2020/1/10,晴れ,149380
2020/1/11,晴れ,152275
2020/1/12,晴れ,153108
2020/1/13,晴れ,178222
2020/1/14,晴れ,163862
2020/1/15,くもり,146653
2020/1/16,くもり,131222
2020/1/17,くもり,128598
2020/1/18,くもり,137078
2020/1/19,晴れ,136279
2020/1/20,くもり,123555
2020/1/21,くもり,125890
2020/1/22,晴れ,144047
2020/1/23,晴れ,137774
2020/1/24,くもり,146298
2020/1/25,くもり,147871
2020/1/26,くもり,142127
2020/1/27,くもり,147102
2020/1/28,くもり,137889
2020/1/29,晴れ,136658
2020/1/30,雨,115734
2020/1/31,雨,112451
2020/2/1,雨,115853
2020/2/2,晴れ,162489
2020/2/3,晴れ,137931
2020/2/4,晴れ,118788
2020/2/5,晴れ,144008
2020/2/6,くもり,130695
2020/2/7,くもり,151169
2020/2/8,くもり,153123
2020/2/9,くもり,153142
2020/2/10,くもり,154233
2020/2/11,くもり,149386
2020/2/12,くもり,127243
2020/2/13,くもり,115072
2020/2/14,くもり,120383
2020/2/15,雨,117609
2020/2/16,晴れ,138613
2020/2/17,晴れ,151441
2020/2/18,晴れ,134047
2020/2/19,晴れ,147645
2020/2/20,くもり,125752
2020/2/21,くもり,121481
2020/2/22,くもり,151736
2020/2/23,晴れ,179733
2020/2/24,晴れ,186865
2020/2/25,晴れ,167261
2020/2/26,晴れ,157367
2020/2/27,くもり,153889
2020/2/28,雨,142964
2020/2/29,くもり,139468
2020/3/1,くもり,129709
2020/3/2,晴れ,142692
2020/3/3,くもり,134548
2020/3/4,晴れ,135369
2020/3/5,晴れ,140377
2020/3/6,晴れ,137404
2020/3/7,晴れ,169830
2020/3/8,くもり,150531
2020/3/9,晴れ,152618
2020/3/10,晴れ,162200
2020/3/11,晴れ,150711
2020/3/12,晴れ,144484
2020/3/13,晴れ,136344
2020/3/14,くもり,149875
2020/3/15,雨,131104
2020/3/16,くもり,146011
2020/3/17,晴れ,151233
2020/3/18,晴れ,149182
2020/3/19,晴れ,134065
2020/3/20,くもり,145684
2020/3/21,晴れ,150511
2020/3/22,晴れ,164561
2020/3/23,くもり,155325
2020/3/24,晴れ,172253
2020/3/25,晴れ,163366
2020/3/26,くもり,150343
2020/3/27,くもり,144720
2020/3/28,晴れ,170384
2020/3/29,晴れ,192595
2020/3/30,晴れ,173772
2020/3/31,晴れ,165119
2020/4/1,晴れ,147425
2020/4/2,晴れ,142248
2020/4/3,晴れ,153469
2020/4/4,晴れ,159217
2020/4/5,晴れ,186523
2020/4/6,くもり,155748
2020/4/7,晴れ,147575
2020/4/8,くもり,136424
2020/4/9,晴れ,134642
2020/4/10,くもり,122919
2020/4/11,晴れ,141321
2020/4/12,晴れ,149402
2020/4/13,晴れ,160147
2020/4/14,くもり,146204
2020/4/15,くもり,145153
2020/4/16,晴れ,166740
2020/4/17,晴れ,169145
2020/4/18,くもり,148965
2020/4/19,くもり,144386
2020/4/20,くもり,143883
2020/4/21,くもり,137743
2020/4/22,くもり,128863
2020/4/23,くもり,140446
2020/4/24,晴れ,151551
2020/4/25,晴れ,152011
2020/4/26,晴れ,163019
2020/4/27,晴れ,165867
2020/4/28,晴れ,169460
2020/4/29,くもり,162133
2020/4/30,くもり,152388
2020/5/1,晴れ,164514
2020/5/2,晴れ,188362
2020/5/3,晴れ,191696
2020/5/4,晴れ,211100
2020/5/5,晴れ,204683
2020/5/6,晴れ,185560
2020/5/7,くもり,150037
2020/5/8,くもり,148506
2020/5/9,晴れ,159850
2020/5/10,晴れ,166720
2020/5/11,くもり,143940
2020/5/12,晴れ,147009
2020/5/13,雨,125903
2020/5/14,晴れ,137440
2020/5/15,くもり,142675
2020/5/16,晴れ,152940
2020/5/17,晴れ,142734
2020/5/18,くもり,128912
2020/5/19,雨,114564
2020/5/20,晴れ,144199
2020/5/21,晴れ,150354
2020/5/22,くもり,136660
2020/5/23,晴れ,161135
2020/5/24,晴れ,169219
2020/5/25,晴れ,160656
2020/5/26,晴れ,158928
2020/5/27,晴れ,135687
2020/5/28,晴れ,145183
2020/5/29,晴れ,161334
2020/5/30,晴れ,175036
2020/5/31,くもり,143215
2020/6/1,くもり,133004
2020/6/2,くもり,137659
2020/6/3,雨,117425
2020/6/4,くもり,116546
2020/6/5,晴れ,128932
2020/6/6,晴れ,161522
2020/6/7,くもり,127273
2020/6/8,くもり,133024
2020/6/9,晴れ,142290
2020/6/10,晴れ,154917
2020/6/11,くもり,133515
2020/6/12,くもり,128809
2020/6/13,雨,126177
2020/6/14,くもり,127745
2020/6/15,くもり,141038
2020/6/16,晴れ,161279
2020/6/17,晴れ,138933
2020/6/18,晴れ,143265
2020/6/19,晴れ,151577
2020/6/20,晴れ,148493
2020/6/21,くもり,157805
2020/6/22,くもり,155215
2020/6/23,くもり,143606
2020/6/24,雨,119319
2020/6/25,晴れ,139458
2020/6/26,晴れ,159829
2020/6/27,くもり,151807
2020/6/28,晴れ,177470
2020/6/29,くもり,158035
2020/6/30,くもり,132171
2020/7/1,くもり,129531
2020/7/2,晴れ,151454
2020/7/3,晴れ,162862
2020/7/4,くもり,165639
2020/7/5,くもり,142580
2020/7/6,くもり,136562
2020/7/7,晴れ,147219
2020/7/8,晴れ,138427
2020/7/9,晴れ,151517
2020/7/10,晴れ,182670
2020/7/11,晴れ,182823
2020/7/12,晴れ,194077
2020/7/13,くもり,173194
2020/7/14,くもり,164405
2020/7/15,晴れ,160175
2020/7/16,晴れ,169135
2020/7/17,晴れ,151561
2020/7/18,晴れ,163581
2020/7/19,雨,151725
2020/7/20,晴れ,180030
2020/7/21,晴れ,160881
2020/7/22,晴れ,150750
2020/7/23,晴れ,186058
2020/7/24,晴れ,213896
2020/7/25,くもり,184168
2020/7/26,晴れ,192902
2020/7/27,晴れ,176285
2020/7/28,雨,141785
2020/7/29,晴れ,140126
2020/7/30,晴れ,148951
2020/7/31,晴れ,167044
2020/8/1,晴れ,188684
2020/8/2,晴れ,192119
2020/8/3,晴れ,183043
2020/8/4,くもり,163124
2020/8/5,くもり,146674
2020/8/6,くもり,139477
2020/8/7,くもり,129460
2020/8/8,くもり,134362
2020/8/9,晴れ,157743
2020/8/10,晴れ,179653
2020/8/11,晴れ,177150
2020/8/12,晴れ,188619
2020/8/13,晴れ,184348
2020/8/14,晴れ,187715
2020/8/15,晴れ,179797
2020/8/16,晴れ,177210
2020/8/17,くもり,171346
2020/8/18,晴れ,174959
2020/8/19,晴れ,162751
2020/8/20,晴れ,174188
2020/8/21,晴れ,160703
2020/8/22,晴れ,155277
2020/8/23,晴れ,163088
2020/8/24,晴れ,174271
2020/8/25,晴れ,169074
2020/8/26,くもり,149534
2020/8/27,くもり,147580
2020/8/28,くもり,165093
2020/8/29,晴れ,189981
2020/8/30,晴れ,193963
2020/8/31,晴れ,184680
2020/9/1,晴れ,173388
2020/9/2,晴れ,166114
2020/9/3,くもり,151069
2020/9/4,くもり,151272
2020/9/5,くもり,151254
2020/9/6,晴れ,184493
2020/9/7,くもり,163523
2020/9/8,くもり,148952
2020/9/9,くもり,138178
2020/9/10,くもり,139082
2020/9/11,雨,129798
2020/9/12,くもり,147495
2020/9/13,雨,128912
2020/9/14,くもり,137881
2020/9/15,雨,124478
2020/9/16,雨,121641
2020/9/17,晴れ,150058
2020/9/18,晴れ,144762
2020/9/19,くもり,142691
2020/9/20,晴れ,167673
2020/9/21,くもり,179064
2020/9/22,くもり,177858
2020/9/23,雨,151391
2020/9/24,くもり,143633
2020/9/25,くもり,153129
2020/9/26,くもり,168464
2020/9/27,雨,145020
2020/9/28,くもり,147810
2020/9/29,雨,104380
2020/9/30,雨,111371
2020/10/1,晴れ,152039
2020/10/2,晴れ,142644
2020/10/3,晴れ,155513
2020/10/4,晴れ,165280
2020/10/5,晴れ,173549
2020/10/6,晴れ,171647
2020/10/7,くもり,145449
2020/10/8,くもり,131319
2020/10/9,雨,113653
2020/10/10,くもり,127218
2020/10/11,くもり,141496
2020/10/12,くもり,151641
2020/10/13,晴れ,141305
2020/10/14,くもり,136544
2020/10/15,くもり,144973
2020/10/16,晴れ,156646
2020/10/17,雨,129968
2020/10/18,くもり,134614
2020/10/19,くもり,137193
2020/10/20,くもり,144829
2020/10/21,晴れ,147220
2020/10/22,雨,118857
2020/10/23,くもり,140217
2020/10/24,晴れ,156446
2020/10/25,晴れ,135704
2020/10/26,くもり,131206
2020/10/27,晴れ,128679
2020/10/28,晴れ,148932
2020/10/29,晴れ,142240
2020/10/30,晴れ,158647
2020/10/31,晴れ,158995
2020/11/1,晴れ,169391
2020/11/2,晴れ,172132
2020/11/3,晴れ,183328
2020/11/4,くもり,154871
2020/11/5,くもり,142237
2020/11/6,雨,124889
2020/11/7,晴れ,146349
2020/11/8,晴れ,164939
2020/11/9,晴れ,160794
2020/11/10,くもり,149641
2020/11/11,晴れ,146530
2020/11/12,晴れ,140082
2020/11/13,晴れ,160848
2020/11/14,くもり,159123
2020/11/15,晴れ,164409
2020/11/16,晴れ,182139
2020/11/17,晴れ,185231
2020/11/18,くもり,157852
2020/11/19,くもり,141092
2020/11/20,晴れ,155921
2020/11/21,くもり,148265
2020/11/22,くもり,144652
2020/11/23,くもり,146962
2020/11/24,雨,120901
2020/11/25,くもり,134401
2020/11/26,晴れ,157162
2020/11/27,晴れ,157580
2020/11/28,晴れ,145707
2020/11/29,晴れ,174556
2020/11/30,くもり,165258
2020/12/1,晴れ,161603
2020/12/2,くもり,135242
2020/12/3,くもり,125605
2020/12/4,くもり,127257
2020/12/5,くもり,125560
2020/12/6,晴れ,147517
2020/12/7,晴れ,148184
2020/12/8,晴れ,149244
2020/12/9,晴れ,153127
2020/12/10,くもり,136339
2020/12/11,くもり,132683
2020/12/12,晴れ,166487
2020/12/13,晴れ,181807
2020/12/14,晴れ,174461
2020/12/15,くもり,139525
2020/12/16,くもり,125497
2020/12/17,くもり,127953
2020/12/18,くもり,145398
2020/12/19,雨,124592
2020/12/20,くもり,127003
2020/12/21,くもり,131455
2020/12/22,くもり,120816
2020/12/23,くもり,127151
2020/12/24,くもり,107060
2020/12/25,くもり,127670
2020/12/26,晴れ,147324
2020/12/27,くもり,147458
2020/12/28,くもり,135555
2020/12/29,くもり,136992
2020/12/30,くもり,136653
2020/12/31,晴れ,135033
2021/1/1,晴れ,169366
2021/1/2,晴れ,183742
2021/1/3,晴れ,174791
2021/1/4,くもり,143043
2021/1/5,晴れ,132572
2021/1/6,雨,111994
2021/1/7,晴れ,123026
2021/1/8,晴れ,156172
2021/1/9,晴れ,159874
2021/1/10,晴れ,185661
2021/1/11,晴れ,212784
2021/1/12,晴れ,166204
2021/1/13,くもり,154882
2021/1/14,くもり,136668
2021/1/15,晴れ,157994
2021/1/16,晴れ,169345
2021/1/17,晴れ,168529
2021/1/18,晴れ,174760
2021/1/19,晴れ,173161
2021/1/20,晴れ,163810
2021/1/21,晴れ,166820
2021/1/22,晴れ,197819
2021/1/23,晴れ,185733
2021/1/24,晴れ,182716
2021/1/25,晴れ,175458
2021/1/26,晴れ,164690
2021/1/27,晴れ,164265
2021/1/28,晴れ,161676
2021/1/29,晴れ,155836
2021/1/30,くもり,146807
2021/1/31,くもり,145393
2021/2/1,晴れ,149531
2021/2/2,くもり,141210
2021/2/3,くもり,129389
2021/2/4,雨,109550
2021/2/5,晴れ,121986
2021/2/6,晴れ,138974
2021/2/7,晴れ,149359
2021/2/8,晴れ,157294
2021/2/9,晴れ,164213
2021/2/10,晴れ,176561
2021/2/11,くもり,177180
2021/2/12,くもり,159542
2021/2/13,くもり,169671
2021/2/14,くもり,154970
2021/2/15,くもり,140100
2021/2/16,くもり,131186
2021/2/17,くもり,134734
2021/2/18,雨,110295
2021/2/19,晴れ,150170
2021/2/20,くもり,134030
2021/2/21,くもり,140927
2021/2/22,雨,122081
2021/2/23,くもり,141218
2021/2/24,くもり,127292
2021/2/25,くもり,130250
2021/2/26,雨,112861
2021/2/27,晴れ,127081
2021/2/28,くもり,123977
2021/3/1,雨,106558
2021/3/2,くもり,111796
2021/3/3,晴れ,151376
2021/3/4,晴れ,159885
2021/3/5,晴れ,160523
2021/3/6,晴れ,168373
2021/3/7,晴れ,177800
2021/3/8,晴れ,191452
2021/3/9,くもり,165512
2021/3/10,晴れ,162483
2021/3/11,晴れ,161333
2021/3/12,晴れ,160896
2021/3/13,晴れ,181235
2021/3/14,晴れ,187485
2021/3/15,くもり,154592
2021/3/16,くもり,124088
2021/3/17,晴れ,137661
2021/3/18,くもり,127870
2021/3/19,くもり,127191
2021/3/20,晴れ,148526
2021/3/21,晴れ,165971
2021/3/22,晴れ,151791
2021/3/23,くもり,151278
2021/3/24,晴れ,142134
2021/3/25,晴れ,154378
2021/3/26,雨,125588
2021/3/27,雨,119328
2021/3/28,晴れ,141204
2021/3/29,晴れ,150223
2021/3/30,晴れ,155110
2021/3/31,晴れ,152028
2021/4/1,晴れ,160277
2021/4/2,晴れ,178511
2021/4/3,晴れ,175596
2021/4/4,くもり,160500
2021/4/5,晴れ,172060
2021/4/6,晴れ,160611
2021/4/7,晴れ,147561
2021/4/8,くもり,144314
2021/4/9,くもり,145512
2021/4/10,晴れ,152872
2021/4/11,晴れ,161119
2021/4/12,晴れ,168256
2021/4/13,くもり,158982
2021/4/14,晴れ,144389
2021/4/15,雨,127686
2021/4/16,晴れ,130843
2021/4/17,晴れ,155375
2021/4/18,晴れ,196317
2021/4/19,晴れ,182940
2021/4/20,くもり,165914
2021/4/21,雨,136505
2021/4/22,くもり,114390
2021/4/23,晴れ,143438
2021/4/24,晴れ,162942
2021/4/25,晴れ,165055
2021/4/26,晴れ,168340
2021/4/27,晴れ,168688
2021/4/28,くもり,142373
2021/4/29,くもり,164259
2021/4/30,晴れ,175728
2021/5/1,晴れ,171856
2021/5/2,雨,147450
2021/5/3,晴れ,158926
2021/5/4,晴れ,183090
2021/5/5,晴れ,183461
2021/5/6,晴れ,175387
2021/5/7,晴れ,180969
2021/5/8,晴れ,176814
2021/5/9,晴れ,157633
2021/5/10,くもり,152834
2021/5/11,晴れ,153700
2021/5/12,晴れ,142383
2021/5/13,晴れ,157858
2021/5/14,晴れ,155063
2021/5/15,晴れ,170366
2021/5/16,晴れ,188982
2021/5/17,晴れ,200999
2021/5/18,くもり,171990
2021/5/19,くもり,145923
2021/5/20,くもり,129578
2021/5/21,雨,117889
2021/5/22,くもり,123307
2021/5/23,くもり,125498
2021/5/24,くもり,133799
2021/5/25,くもり,131373
2021/5/26,くもり,129771
2021/5/27,晴れ,139160
2021/5/28,雨,130139
2021/5/29,くもり,138400
2021/5/30,くもり,140866
2021/5/31,くもり,138051
2021/6/1,くもり,131653
2021/6/2,くもり,137930
2021/6/3,雨,109488
2021/6/4,晴れ,117838
2021/6/5,くもり,141784
2021/6/6,くもり,134493
2021/6/7,雨,125253
2021/6/8,雨,110446
2021/6/9,晴れ,140551
2021/6/10,くもり,147009
2021/6/11,くもり,136435
2021/6/12,雨,134630
2021/6/13,雨,115427
2021/6/14,くもり,135146
2021/6/15,雨,117688
2021/6/16,雨,113946
2021/6/17,雨,104349
2021/6/18,雨,117257
2021/6/19,くもり,139731
2021/6/20,くもり,137787
2021/6/21,くもり,133944
2021/6/22,晴れ,147358
2021/6/23,晴れ,145706
2021/6/24,晴れ,152802
2021/6/25,晴れ,164209
2021/6/26,くもり,155416
2021/6/27,雨,126923
2021/6/28,雨,123697
2021/6/29,雨,116079
2021/6/30,くもり,119595
2021/7/1,雨,120875
2021/7/2,晴れ,131047
2021/7/3,晴れ,169378
2021/7/4,晴れ,167171
2021/7/5,晴れ,169357
2021/7/6,晴れ,161593
2021/7/7,くもり,146723
2021/7/8,晴れ,174878
2021/7/9,晴れ,175768
2021/7/10,くもり,170120
2021/7/11,晴れ,170497
2021/7/12,晴れ,176862
2021/7/13,くもり,149343
2021/7/14,晴れ,166712
2021/7/15,くもり,162169
2021/7/16,雨,148878
2021/7/17,晴れ,178022
2021/7/18,晴れ,197731
2021/7/19,晴れ,196334
2021/7/20,くもり,167139
2021/7/21,晴れ,148617
2021/7/22,晴れ,167424
2021/7/23,晴れ,218921
2021/7/24,晴れ,208472
2021/7/25,くもり,173370
2021/7/26,雨,149059
2021/7/27,雨,134475
2021/7/28,晴れ,163934
2021/7/29,くもり,149598
2021/7/30,くもり,162401
2021/7/31,くもり,157051
2021/8/1,晴れ,174117
2021/8/2,晴れ,160887
2021/8/3,晴れ,152202
2021/8/4,晴れ,144700
2021/8/5,くもり,133631
2021/8/6,晴れ,156181
2021/8/7,くもり,147885
2021/8/8,晴れ,191879
2021/8/9,晴れ,219639
2021/8/10,晴れ,189581
2021/8/11,晴れ,188271
2021/8/12,晴れ,185007
2021/8/13,晴れ,188392
2021/8/14,くもり,174743
2021/8/15,くもり,177626
2021/8/16,くもり,158917
2021/8/17,くもり,155396
2021/8/18,くもり,137180
2021/8/19,くもり,130057
2021/8/20,くもり,151916
2021/8/21,晴れ,149782
2021/8/22,晴れ,159713
2021/8/23,晴れ,174584
2021/8/24,晴れ,172541
2021/8/25,晴れ,165526
2021/8/26,晴れ,152682
2021/8/27,晴れ,168454
2021/8/28,晴れ,181081
2021/8/29,くもり,170713
2021/8/30,くもり,157550
2021/8/31,晴れ,161327
2021/9/1,晴れ,157189
2021/9/2,くもり,144827
2021/9/3,くもり,159065
2021/9/4,くもり,163299
2021/9/5,晴れ,174820
2021/9/6,くもり,161874
2021/9/7,雨,122321
2021/9/8,晴れ,144495
2021/9/9,くもり,144930
2021/9/10,雨,127924
2021/9/11,雨,123408
2021/9/12,雨,119293
2021/9/13,くもり,128468
2021/9/14,晴れ,126736
2021/9/15,晴れ,137586
2021/9/16,晴れ,136752
2021/9/17,くもり,141340
2021/9/18,くもり,136609
2021/9/19,くもり,132087
2021/9/20,くもり,159739
2021/9/21,晴れ,161558
2021/9/22,くもり,138819
2021/9/23,晴れ,180659
2021/9/24,くもり,159163
2021/9/25,くもり,156111
2021/9/26,くもり,141423
2021/9/27,くもり,139444
2021/9/28,くもり,137652
2021/9/29,くもり,145890
2021/9/30,くもり,133341
2021/10/1,くもり,125767
2021/10/2,晴れ,172395
2021/10/3,晴れ,185838
2021/10/4,晴れ,186152
2021/10/5,晴れ,174775
2021/10/6,くもり,150204
2021/10/7,くもり,144694
2021/10/8,くもり,147686
2021/10/9,くもり,137741
2021/10/10,晴れ,154912
2021/10/11,晴れ,143278
2021/10/12,くもり,151794
2021/10/13,雨,132431
2021/10/14,くもり,125621
2021/10/15,くもり,144928
2021/10/16,くもり,141933
2021/10/17,雨,138579
2021/10/18,晴れ,137447
2021/10/19,晴れ,133549
2021/10/20,くもり,131169
2021/10/21,くもり,124421
2021/10/22,くもり,125105
2021/10/23,くもり,128811
2021/10/24,くもり,143893
2021/10/25,くもり,145324
2021/10/26,晴れ,146781
2021/10/27,晴れ,135705
2021/10/28,晴れ,158030
2021/10/29,雨,138500
2021/10/30,くもり,137631
2021/10/31,くもり,137865
2021/11/1,くもり,142751
2021/11/2,晴れ,145745
2021/11/3,晴れ,146384
2021/11/4,くもり,130714
2021/11/5,くもり,133991
2021/11/6,くもり,136217
2021/11/7,晴れ,166954
2021/11/8,晴れ,153751
2021/11/9,晴れ,155363
2021/11/10,くもり,156118
2021/11/11,晴れ,158291
2021/11/12,晴れ,165379
2021/11/13,晴れ,161106
2021/11/14,晴れ,181893
2021/11/15,晴れ,160852
2021/11/16,くもり,138841
2021/11/17,晴れ,155281
2021/11/18,晴れ,152293
2021/11/19,くもり,131616
2021/11/20,くもり,129957
2021/11/21,くもり,119722
2021/11/22,くもり,139096
2021/11/23,くもり,143100
2021/11/24,晴れ,147603
2021/11/25,晴れ,157903
2021/11/26,くもり,149063
2021/11/27,くもり,132107
2021/11/28,晴れ,140173
2021/11/29,くもり,140276
2021/11/30,くもり,133753
2021/12/1,くもり,133871
2021/12/2,くもり,145138
2021/12/3,雨,123754
2021/12/4,くもり,137335
2021/12/5,くもり,141485
2021/12/6,くもり,144113
2021/12/7,くもり,139975
2021/12/8,晴れ,156592
2021/12/9,晴れ,150535
2021/12/10,くもり,143173
2021/12/11,くもり,149709
2021/12/12,くもり,146147
2021/12/13,晴れ,160424
2021/12/14,くもり,138739
2021/12/15,雨,106816
2021/12/16,くもり,123845
2021/12/17,くもり,144082
2021/12/18,くもり,148535
2021/12/19,くもり,136555
2021/12/20,晴れ,150366
2021/12/21,晴れ,152329
2021/12/22,くもり,151077
2021/12/23,くもり,144021
2021/12/24,晴れ,160808
2021/12/25,晴れ,178631
2021/12/26,晴れ,180083
2021/12/27,晴れ,180191
2021/12/28,くもり,153043
2021/12/29,雨,122926
2021/12/30,晴れ,146030
2021/12/31,晴れ,165393
2022/1/1,晴れ,176349
2022/1/2,晴れ,172482
2022/1/3,くもり,151389
2022/1/4,雨,135489
2022/1/5,くもり,142128
2022/1/6,雨,123306
2022/1/7,晴れ,169089
2022/1/8,晴れ,159335
2022/1/9,晴れ,170873
2022/1/10,くもり,172958
2022/1/11,雨,130721
2022/1/12,晴れ,125364
2022/1/13,晴れ,142078
2022/1/14,晴れ,141574
2022/1/15,晴れ,162593
2022/1/16,くもり,149553
2022/1/17,くもり,145765
2022/1/18,雨,118053
2022/1/19,晴れ,131887
2022/1/20,晴れ,130882
2022/1/21,晴れ,147239
2022/1/22,晴れ,180774
2022/1/23,晴れ,169964
2022/1/24,晴れ,161792
2022/1/25,くもり,162068
2022/1/26,晴れ,151766
2022/1/27,晴れ,167691
2022/1/28,くもり,158346
2022/1/29,雨,134609
2022/1/30,くもり,135284
2022/1/31,晴れ,149852
2022/2/1,雨,119487
2022/2/2,くもり,122503
2022/2/3,くもり,121752
2022/2/4,くもり,134420
2022/2/5,くもり,134240
2022/2/6,くもり,131096
2022/2/7,晴れ,146647
2022/2/8,晴れ,152987
2022/2/9,晴れ,148161
2022/2/10,晴れ,139873
2022/2/11,雨,139515
2022/2/12,くもり,139126
2022/2/13,雨,118003
2022/2/14,晴れ,132722
2022/2/15,雨,111921
2022/2/16,くもり,111382
2022/2/17,くもり,118453
2022/2/18,晴れ,123338
2022/2/19,晴れ,158312
2022/2/20,くもり,159963
2022/2/21,晴れ,182083
2022/2/22,晴れ,147285
2022/2/23,晴れ,175426
2022/2/24,くもり,158051
2022/2/25,くもり,148463
2022/2/26,晴れ,159358
2022/2/27,くもり,159288
2022/2/28,晴れ,167678
2022/3/1,雨,134547
2022/3/2,晴れ,136022
2022/3/3,晴れ,152791
2022/3/4,晴れ,156928
2022/3/5,晴れ,147983
2022/3/6,晴れ,177501
2022/3/7,晴れ,175701
2022/3/8,雨,141919
2022/3/9,くもり,141807
2022/3/10,くもり,122107
2022/3/11,くもり,129332
2022/3/12,くもり,140895
2022/3/13,くもり,147869
2022/3/14,くもり,133389
2022/3/15,くもり,125288
2022/3/16,晴れ,141768
2022/3/17,晴れ,154506
2022/3/18,晴れ,167114
2022/3/19,くもり,151375
2022/3/20,晴れ,159767
2022/3/21,晴れ,178535
2022/3/22,晴れ,172824
2022/3/23,くもり,149227
2022/3/24,晴れ,132287
2022/3/25,くもり,128113
2022/3/26,くもり,145131
2022/3/27,くもり,160642
2022/3/28,晴れ,157104
2022/3/29,晴れ,163189
2022/3/30,くもり,142209
2022/3/31,くもり,138392
2022/4/1,晴れ,160765
2022/4/2,晴れ,143830
2022/4/3,晴れ,151743
2022/4/4,晴れ,155790
2022/4/5,くもり,136719
2022/4/6,くもり,132795
2022/4/7,雨,122364
2022/4/8,晴れ,141352
2022/4/9,雨,130194
2022/4/10,晴れ,143850
2022/4/11,くもり,128002
2022/4/12,晴れ,138498
2022/4/13,晴れ,152846
2022/4/14,晴れ,166602
2022/4/15,晴れ,166528
2022/4/16,雨,139327
2022/4/17,晴れ,146974
2022/4/18,晴れ,145590
2022/4/19,晴れ,136331
2022/4/20,晴れ,145508
2022/4/21,晴れ,136441
2022/4/22,晴れ,149340
2022/4/23,晴れ,165738
2022/4/24,くもり,148513
2022/4/25,雨,133761
2022/4/26,晴れ,160916
2022/4/27,くもり,150343
2022/4/28,晴れ,157447
2022/4/29,くもり,173852
2022/4/30,くもり,153858
2022/5/1,くもり,135531
2022/5/2,晴れ,160470
2022/5/3,くもり,144757
2022/5/4,晴れ,165045
2022/5/5,晴れ,172780
2022/5/6,くもり,143126
2022/5/7,くもり,147566
2022/5/8,くもり,146335
2022/5/9,くもり,146301
2022/5/10,くもり,140918
2022/5/11,晴れ,126201
2022/5/12,晴れ,143061
2022/5/13,晴れ,151918
2022/5/14,晴れ,152436
2022/5/15,晴れ,166077
2022/5/16,晴れ,148288
2022/5/17,晴れ,152126
2022/5/18,くもり,124827
2022/5/19,くもり,116704
2022/5/20,くもり,125644
2022/5/21,くもり,126301
2022/5/22,晴れ,159537
2022/5/23,晴れ,154108
2022/5/24,くもり,141860
2022/5/25,くもり,132655
2022/5/26,雨,116567
2022/5/27,晴れ,144621
2022/5/28,晴れ,168463
2022/5/29,晴れ,185645
2022/5/30,晴れ,179958
2022/5/31,晴れ,166872
2022/6/1,晴れ,159353
2022/6/2,雨,112827
2022/6/3,晴れ,135809
2022/6/4,くもり,134428
2022/6/5,くもり,131260
2022/6/6,雨,130080
2022/6/7,晴れ,128358
2022/6/8,晴れ,147187
2022/6/9,雨,121898
2022/6/10,くもり,127601
2022/6/11,くもり,140366
2022/6/12,雨,122879
2022/6/13,晴れ,132673
2022/6/14,くもり,139357
2022/6/15,雨,128109
2022/6/16,くもり,128957
2022/6/17,雨,126505
2022/6/18,くもり,134541
2022/6/19,晴れ,157663
2022/6/20,雨,132771
2022/6/21,雨,111537
2022/6/22,雨,101263
2022/6/23,晴れ,124935
2022/6/24,晴れ,153841
2022/6/25,くもり,143380
2022/6/26,くもり,147115
2022/6/27,くもり,149311
2022/6/28,晴れ,139526
2022/6/29,晴れ,132080
2022/6/30,晴れ,144722
2022/7/1,晴れ,167077
2022/7/2,くもり,159886
2022/7/3,くもり,157033
2022/7/4,晴れ,180847
2022/7/5,晴れ,172804
2022/7/6,雨,139647
2022/7/7,晴れ,143269
2022/7/8,晴れ,174684
2022/7/9,晴れ,181322
2022/7/10,晴れ,193761
2022/7/11,晴れ,194202
2022/7/12,くもり,154727
2022/7/13,晴れ,171354
2022/7/14,晴れ,169766
2022/7/15,晴れ,183023
2022/7/16,晴れ,200717
2022/7/17,晴れ,187633
2022/7/18,晴れ,184310
2022/7/19,晴れ,164468
2022/7/20,晴れ,162940
2022/7/21,くもり,153463
2022/7/22,晴れ,158249
2022/7/23,くもり,149854
2022/7/24,晴れ,154613
2022/7/25,晴れ,189263
2022/7/26,くもり,142956
2022/7/27,雨,130610
2022/7/28,雨,112556
2022/7/29,雨,117207
2022/7/30,くもり,144808
2022/7/31,雨,134969
2022/8/1,晴れ,158282
2022/8/2,晴れ,168785
2022/8/3,晴れ,166170
2022/8/4,晴れ,173865
2022/8/5,晴れ,171889
2022/8/6,晴れ,168842
2022/8/7,くもり,158204
2022/8/8,晴れ,185400
2022/8/9,晴れ,175130
2022/8/10,晴れ,167946
2022/8/11,晴れ,195772
2022/8/12,晴れ,179674
2022/8/13,くもり,164477
2022/8/14,くもり,158606
2022/8/15,雨,138179
2022/8/16,晴れ,152805
2022/8/17,晴れ,159947
2022/8/18,晴れ,168249
2022/8/19,くもり,167723
2022/8/20,晴れ,167645
2022/8/21,くもり,163243
2022/8/22,くもり,161982
2022/8/23,晴れ,152779
2022/8/24,晴れ,174292
2022/8/25,くもり,168747
2022/8/26,くもり,150206
2022/8/27,晴れ,181778
2022/8/28,くもり,160403
2022/8/29,晴れ,170384
2022/8/30,晴れ,161531
2022/8/31,晴れ,153818
2022/9/1,くもり,150028
2022/9/2,晴れ,155923
2022/9/3,晴れ,167830
2022/9/4,晴れ,169013
2022/9/5,くもり,171070
2022/9/6,雨,139826
2022/9/7,くもり,136041
2022/9/8,くもり,132405
2022/9/9,くもり,138482
2022/9/10,くもり,157020
2022/9/11,くもり,170754
2022/9/12,くもり,156002
2022/9/13,くもり,145530
2022/9/14,雨,126780
2022/9/15,雨,120973
2022/9/16,雨,125387
2022/9/17,くもり,146650
2022/9/18,くもり,162772
2022/9/19,くもり,179094
2022/9/20,くもり,165647
2022/9/21,雨,137772
2022/9/22,雨,130747
2022/9/23,雨,133203
2022/9/24,雨,129374
2022/9/25,くもり,135664
2022/9/26,晴れ,167870
2022/9/27,くもり,153974
2022/9/28,くもり,153285
2022/9/29,くもり,139575
2022/9/30,くもり,149988
2022/10/1,くもり,149239
2022/10/2,晴れ,174280
2022/10/3,晴れ,164999
2022/10/4,晴れ,154760
2022/10/5,晴れ,147468
2022/10/6,くもり,147975
2022/10/7,くもり,135795
2022/10/8,くもり,131479
2022/10/9,くもり,142944
2022/10/10,くもり,146249
2022/10/11,晴れ,143265
2022/10/12,晴れ,146283
2022/10/13,晴れ,138285
2022/10/14,晴れ,159407
2022/10/15,晴れ,174995
2022/10/16,晴れ,185397
2022/10/17,くもり,154294
2022/10/18,くもり,140680
2022/10/19,くもり,138807
2022/10/20,くもり,140051
2022/10/21,くもり,143728
2022/10/22,くもり,143051
2022/10/23,くもり,152076
2022/10/24,くもり,162092
2022/10/25,くもり,152948
2022/10/26,くもり,141336
2022/10/27,晴れ,136713
2022/10/28,くもり,137629
2022/10/29,くもり,140683
2022/10/30,晴れ,162727
2022/10/31,雨,139259
2022/11/1,晴れ,141008
2022/11/2,晴れ,132994
2022/11/3,くもり,136874
2022/11/4,くもり,141107
2022/11/5,くもり,135206
2022/11/6,晴れ,147933
2022/11/7,晴れ,153899
2022/11/8,晴れ,153520
2022/11/9,晴れ,138601
2022/11/10,晴れ,140037
2022/11/11,晴れ,136865
2022/11/12,晴れ,163386
2022/11/13,くもり,143056
2022/11/14,くもり,142606
2022/11/15,くもり,140215
2022/11/16,くもり,121743
2022/11/17,くもり,122429
2022/11/18,くもり,134256
2022/11/19,晴れ,151656
2022/11/20,晴れ,167580
2022/11/21,晴れ,162338
2022/11/22,晴れ,162003
2022/11/23,晴れ,181790
2022/11/24,晴れ,159362
2022/11/25,晴れ,161476
2022/11/26,晴れ,159102
2022/11/27,晴れ,179860
2022/11/28,雨,153222
2022/11/29,晴れ,144540
2022/11/30,晴れ,143432
2022/12/1,晴れ,153314
2022/12/2,晴れ,152542
2022/12/3,晴れ,151230
2022/12/4,晴れ,142199
2022/12/5,雨,131451
2022/12/6,雨,129954
2022/12/7,くもり,123973
2022/12/8,くもり,130517
2022/12/9,晴れ,138319
2022/12/10,晴れ,157400
2022/12/11,くもり,156892
2022/12/12,くもり,142704
2022/12/13,くもり,134542
2022/12/14,雨,122819
2022/12/15,雨,110856
2022/12/16,晴れ,147831
2022/12/17,晴れ,172504
2022/12/18,くもり,151518
2022/12/19,くもり,143940
2022/12/20,くもり,126387
2022/12/21,雨,111081
2022/12/22,晴れ,122971
2022/12/23,くもり,130683
2022/12/24,くもり,123835
2022/12/25,くもり,133516
2022/12/26,晴れ,139378
2022/12/27,くもり,129771
2022/12/28,晴れ,152527
2022/12/29,くもり,132546
2022/12/30,くもり,132494
2022/12/31,雨,131492
2023/1/1,くもり,151437
2023/1/2,くもり,163207
2023/1/3,雨,138746
2023/1/4,くもり,131262
2023/1/5,くもり,124020
2023/1/6,くもり,137741
2023/1/7,雨,125627
2023/1/8,晴れ,153940
2023/1/9,晴れ,197918
2023/1/10,くもり,160348
2023/1/11,くもり,156144
2023/1/12,くもり,148404
2023/1/13,くもり,144373
2023/1/14,晴れ,181683
2023/1/15,晴れ,179106
2023/1/16,晴れ,171439
2023/1/17,くもり,153817
2023/1/18,雨,124147
2023/1/19,雨,100458
2023/1/20,くもり,106242
2023/1/21,雨,106150
2023/1/22,晴れ,116810
2023/1/23,晴れ,136390
2023/1/24,くもり,131407
2023/1/25,晴れ,148430
2023/1/26,くもり,141960
2023/1/27,晴れ,147023
2023/1/28,晴れ,160475
2023/1/29,くもり,163943
2023/1/30,晴れ,164847
2023/1/31,晴れ,174032
2023/2/1,晴れ,158089
2023/2/2,くもり,131238
2023/2/3,くもり,141127
2023/2/4,雨,132103
2023/2/5,晴れ,143295
2023/2/6,晴れ,158512
2023/2/7,晴れ,145978
2023/2/8,晴れ,136107
2023/2/9,晴れ,137747
2023/2/10,くもり,146210
2023/2/11,くもり,170807
2023/2/12,くもり,154945
2023/2/13,くもり,162945
2023/2/14,雨,119183
2023/2/15,雨,111603
2023/2/16,晴れ,137521
2023/2/17,晴れ,173214
2023/2/18,くもり,155155
2023/2/19,晴れ,150258
2023/2/20,晴れ,148645
2023/2/21,くもり,113686
2023/2/22,くもり,129145
2023/2/23,雨,126866
2023/2/24,くもり,127313
2023/2/25,くもり,133592
2023/2/26,雨,123073
2023/2/27,晴れ,138520
2023/2/28,くもり,136076
2023/3/1,くもり,136395
2023/3/2,くもり,140216
2023/3/3,晴れ,159730
2023/3/4,晴れ,161246
2023/3/5,晴れ,156386
2023/3/6,晴れ,148868
2023/3/7,晴れ,154382
2023/3/8,晴れ,145675
2023/3/9,晴れ,132872
2023/3/10,くもり,133400
2023/3/11,晴れ,137352
2023/3/12,くもり,154020
2023/3/13,くもり,149482
2023/3/14,晴れ,151621
2023/3/15,晴れ,146363
2023/3/16,晴れ,144731
2023/3/17,晴れ,167753
2023/3/18,晴れ,165387
2023/3/19,晴れ,176327
2023/3/20,晴れ,178203
2023/3/21,晴れ,194521
2023/3/22,晴れ,164315
2023/3/23,くもり,151772
2023/3/24,晴れ,155707
2023/3/25,晴れ,169482
2023/3/26,晴れ,176257
2023/3/27,晴れ,160662
2023/3/28,晴れ,142424
2023/3/29,くもり,131646
2023/3/30,晴れ,141860
2023/3/31,晴れ,152262
2023/4/1,くもり,142036
2023/4/2,晴れ,158221
2023/4/3,晴れ,163618
2023/4/4,晴れ,147735
2023/4/5,晴れ,158899
2023/4/6,晴れ,131507
2023/4/7,雨,113233
2023/4/8,くもり,133239
2023/4/9,晴れ,144694
2023/4/10,くもり,141174
2023/4/11,くもり,135876
2023/4/12,くもり,122437
2023/4/13,晴れ,148776
2023/4/14,晴れ,160793
2023/4/15,晴れ,147399
2023/4/16,晴れ,158573
2023/4/17,晴れ,151993
2023/4/18,雨,110059
2023/4/19,晴れ,117365
2023/4/20,晴れ,147322
2023/4/21,晴れ,156778
2023/4/22,くもり,139847
2023/4/23,雨,127792
2023/4/24,晴れ,136673
2023/4/25,雨,116001
2023/4/26,晴れ,118262
2023/4/27,晴れ,139022
2023/4/28,晴れ,155369
2023/4/29,晴れ,176589
2023/4/30,晴れ,190264
2023/5/1,晴れ,174684
2023/5/2,くもり,156447
2023/5/3,くもり,163721
2023/5/4,晴れ,183060
2023/5/5,晴れ,188407
2023/5/6,晴れ,188460
2023/5/7,晴れ,189812
2023/5/8,晴れ,183196
2023/5/9,くもり,158007
2023/5/10,くもり,146092
2023/5/11,雨,112210
2023/5/12,くもり,125680
2023/5/13,くもり,142027
2023/5/14,晴れ,174727
2023/5/15,くもり,154460
2023/5/16,くもり,129502
2023/5/17,くもり,132583
2023/5/18,晴れ,154998
2023/5/19,晴れ,161589
2023/5/20,晴れ,161397
2023/5/21,晴れ,162815
2023/5/22,晴れ,175403
2023/5/23,晴れ,181795
2023/5/24,くもり,141450
2023/5/25,晴れ,149824
2023/5/26,晴れ,147870
2023/5/27,くもり,148754
2023/5/28,くもり,142899
2023/5/29,くもり,151822
2023/5/30,晴れ,159795
2023/5/31,晴れ,163861
2023/6/1,晴れ,143546
2023/6/2,くもり,141036
2023/6/3,くもり,151425
2023/6/4,くもり,152734
2023/6/5,くもり,141717
2023/6/6,くもり,142386
2023/6/7,晴れ,144865
2023/6/8,雨,124296
2023/6/9,くもり,119839
2023/6/10,くもり,130828
2023/6/11,晴れ,148691
2023/6/12,晴れ,165525
2023/6/13,晴れ,162890
2023/6/14,晴れ,157685
2023/6/15,くもり,137752
2023/6/16,くもり,131955
2023/6/17,くもり,133327
2023/6/18,晴れ,164563
2023/6/19,くもり,142611
2023/6/20,くもり,120999
2023/6/21,くもり,113208
2023/6/22,晴れ,129286
2023/6/23,くもり,140785
2023/6/24,くもり,152037
2023/6/25,くもり,152761
2023/6/26,くもり,139758
2023/6/27,晴れ,145926
2023/6/28,晴れ,148928
2023/6/29,くもり,139285
2023/6/30,くもり,133549
2023/7/1,くもり,125482
2023/7/2,くもり,148043
2023/7/3,雨,123238
2023/7/4,晴れ,152641
2023/7/5,晴れ,166439
2023/7/6,晴れ,168386
2023/7/7,晴れ,178953
2023/7/8,くもり,170362
2023/7/9,晴れ,172966
2023/7/10,晴れ,171761
2023/7/11,晴れ,161016
2023/7/12,晴れ,166769
2023/7/13,晴れ,179295
2023/7/14,晴れ,174497
2023/7/15,晴れ,181696
2023/7/16,晴れ,165540
2023/7/17,くもり,167255
2023/7/18,くもり,139054
2023/7/19,晴れ,157368
2023/7/20,晴れ,160585
2023/7/21,晴れ,167993
2023/7/22,晴れ,177709
2023/7/23,晴れ,182306
2023/7/24,晴れ,183462
2023/7/25,晴れ,172031
2023/7/26,くもり,151697
2023/7/27,晴れ,158620
2023/7/28,晴れ,168995
2023/7/29,晴れ,186438
2023/7/30,晴れ,182829
2023/7/31,晴れ,169642
2023/8/1,くもり,159410
2023/8/2,雨,124533
2023/8/3,晴れ,155048
2023/8/4,晴れ,172343
2023/8/5,晴れ,184393
2023/8/6,晴れ,172894
2023/8/7,晴れ,165195
2023/8/8,晴れ,164684
2023/8/9,晴れ,174113
2023/8/10,晴れ,167294
2023/8/11,晴れ,195166
2023/8/12,晴れ,202237
2023/8/13,晴れ,204082
2023/8/14,くもり,167167
2023/8/15,くもり,141749
2023/8/16,くもり,147645
2023/8/17,雨,131837
2023/8/18,晴れ,166526
2023/8/19,晴れ,197021
2023/8/20,晴れ,194883
2023/8/21,晴れ,169913
2023/8/22,晴れ,160017
2023/8/23,晴れ,153806
2023/8/24,晴れ,145869
2023/8/25,くもり,130787
2023/8/26,くもり,162451
2023/8/27,くもり,149217
2023/8/28,くもり,137173
2023/8/29,くもり,156050
2023/8/30,くもり,147565
2023/8/31,雨,130789
2023/9/1,晴れ,140131
2023/9/2,くもり,143228
2023/9/3,くもり,138872
2023/9/4,くもり,134371
2023/9/5,晴れ,157413
2023/9/6,晴れ,135199
2023/9/7,晴れ,122097
2023/9/8,晴れ,128524
2023/9/9,晴れ,167563
2023/9/10,晴れ,162979
2023/9/11,晴れ,189134
2023/9/12,晴れ,154463
2023/9/13,雨,134636
2023/9/14,雨,129472
2023/9/15,雨,116484
2023/9/16,くもり,143506
2023/9/17,くもり,144991
2023/9/18,くもり,151787
2023/9/19,くもり,138823
2023/9/20,くもり,136530
2023/9/21,くもり,143606
2023/9/22,くもり,133897
2023/9/23,くもり,152934
2023/9/24,雨,147443
2023/9/25,雨,133157
2023/9/26,晴れ,144027
2023/9/27,くもり,144312
2023/9/28,くもり,129814
2023/9/29,晴れ,169519
2023/9/30,くもり,147190
2023/10/1,くもり,143542
2023/10/2,くもり,145312
2023/10/3,くもり,141944
2023/10/4,晴れ,157372
2023/10/5,晴れ,166895
2023/10/6,晴れ,170888
2023/10/7,晴れ,174745
2023/10/8,晴れ,180498
2023/10/9,晴れ,191832
2023/10/10,晴れ,174223
2023/10/11,晴れ,152352
2023/10/12,くもり,141845
2023/10/13,雨,129294
2023/10/14,晴れ,143386
2023/10/15,くもり,129488
2023/10/16,くもり,128051
2023/10/17,晴れ,136438
2023/10/18,晴れ,124744
2023/10/19,晴れ,141374
2023/10/20,晴れ,157567
2023/10/21,くもり,147218
2023/10/22,晴れ,164560
2023/10/23,雨,139366
2023/10/24,雨,114061
2023/10/25,晴れ,131135
2023/10/26,晴れ,139560
2023/10/27,くもり,135523
2023/10/28,くもり,142561
2023/10/29,晴れ,158868
2023/10/30,晴れ,150114
2023/10/31,くもり,145384
2023/11/1,くもり,146529
2023/11/2,くもり,138522
2023/11/3,晴れ,181352
2023/11/4,雨,130565
2023/11/5,くもり,121900
2023/11/6,晴れ,157017
2023/11/7,晴れ,133691
2023/11/8,晴れ,161136
2023/11/9,くもり,156344
2023/11/10,くもり,154275
2023/11/11,くもり,144138
2023/11/12,晴れ,167243
2023/11/13,晴れ,172662
2023/11/14,晴れ,155881
2023/11/15,晴れ,159055
2023/11/16,くもり,138438
2023/11/17,くもり,146311
2023/11/18,くもり,133419
2023/11/19,くもり,144787
2023/11/20,くもり,132740
2023/11/21,晴れ,152071
2023/11/22,晴れ,148677
2023/11/23,晴れ,169656
2023/11/24,晴れ,177029
2023/11/25,晴れ,181715
2023/11/26,晴れ,180380
2023/11/27,くもり,159141
2023/11/28,くもり,146630
2023/11/29,雨,126617
2023/11/30,くもり,119129
2023/12/1,晴れ,152409
2023/12/2,晴れ,166719
2023/12/3,雨,146283
2023/12/4,くもり,141666
2023/12/5,雨,120882
2023/12/6,雨,104720
2023/12/7,くもり,106440
2023/12/8,くもり,110787
2023/12/9,くもり,130384
2023/12/10,くもり,140384
2023/12/11,くもり,130164
2023/12/12,くもり,117859
2023/12/13,晴れ,147935
2023/12/14,晴れ,138755
2023/12/15,晴れ,149265
2023/12/16,晴れ,139982
2023/12/17,晴れ,152499
2023/12/18,晴れ,174082
2023/12/19,晴れ,169917
2023/12/20,晴れ,142524
2023/12/21,晴れ,146905
2023/12/22,雨,115126
2023/12/23,くもり,143928
2023/12/24,くもり,151858
2023/12/25,くもり,136829
2023/12/26,くもり,138263
2023/12/27,くもり,138480
2023/12/28,くもり,146286
2023/12/29,くもり,132835
2023/12/30,雨,118653
2023/12/31,晴れ,157809
2024/1/1,晴れ,194039
2024/1/2,晴れ,151185
2024/1/3,晴れ,169027
2024/1/4,晴れ,142596
2024/1/5,晴れ,152504
2024/1/6,晴れ,164655
2024/1/7,晴れ,184545
2024/1/8,晴れ,195888
2024/1/9,くもり,159616
2024/1/10,雨,134275
2024/1/11,くもり,131909
2024/1/12,晴れ,154213
2024/1/13,晴れ,158199
2024/1/14,くもり,152374
2024/1/15,晴れ,165352
2024/1/16,晴れ,157476
2024/1/17,晴れ,169370
2024/1/18,晴れ,181740
2024/1/19,晴れ,169096
2024/1/20,晴れ,167266
2024/1/21,くもり,143954
2024/1/22,晴れ,141155
2024/1/23,晴れ,136369
2024/1/24,くもり,139779
2024/1/25,くもり,119809
2024/1/26,晴れ,140229
2024/1/27,晴れ,155406
2024/1/28,晴れ,165708
2024/1/29,晴れ,151046
2024/1/30,くもり,150493
2024/1/31,くもり,115947
2024/2/1,晴れ,132336
2024/2/2,晴れ,148929
2024/2/3,晴れ,153631
2024/2/4,晴れ,168800
2024/2/5,晴れ,174358
2024/2/6,くもり,163556
2024/2/7,晴れ,158353
2024/2/8,晴れ,161851
2024/2/9,晴れ,154625
2024/2/10,晴れ,152818
2024/2/11,くもり,184249
2024/2/12,雨,158652
2024/2/13,くもり,144488
2024/2/14,くもり,140225
2024/2/15,くもり,115131
2024/2/16,晴れ,134781
2024/2/17,くもり,134967
2024/2/18,雨,120414
2024/2/19,くもり,133979
2024/2/20,晴れ,136674
2024/2/21,雨,105899
2024/2/22,雨,113454
2024/2/23,くもり,152255
2024/2/24,くもり,148517
2024/2/25,くもり,138676
2024/2/26,くもり,138520
2024/2/27,くもり,142525
2024/2/28,くもり,143987
2024/2/29,晴れ,153886
2024/3/1,晴れ,161457
2024/3/2,雨,147133
2024/3/3,くもり,149447
2024/3/4,くもり,146109
2024/3/5,晴れ,139123
2024/3/6,晴れ,145614
2024/3/7,雨,125447
2024/3/8,晴れ,123073
2024/3/9,晴れ,161924
2024/3/10,晴れ,177289
2024/3/11,晴れ,176710
2024/3/12,くもり,152222
2024/3/13,くもり,138391
2024/3/14,くもり,117505
2024/3/15,晴れ,137681
2024/3/16,晴れ,148245
2024/3/17,晴れ,161923
2024/3/18,くもり,144852
2024/3/19,くもり,126698
2024/3/20,晴れ,151380
2024/3/21,晴れ,156005
2024/3/22,晴れ,162183
2024/3/23,晴れ,167740
2024/3/24,くもり,154453
2024/3/25,雨,143766
2024/3/26,くもり,132734
2024/3/27,くもり,130224
2024/3/28,くもり,113482
2024/3/29,晴れ,152356
2024/3/30,晴れ,159701
2024/3/31,晴れ,171979
2024/4/1,晴れ,157835
2024/4/2,晴れ,161437
2024/4/3,晴れ,165684
2024/4/4,晴れ,156904
2024/4/5,くもり,137605
2024/4/6,くもり,128208
2024/4/7,晴れ,123161
2024/4/8,晴れ,151269
2024/4/9,晴れ,158129
2024/4/10,晴れ,149586
2024/4/11,晴れ,150990
2024/4/12,晴れ,160480
2024/4/13,晴れ,169383
2024/4/14,くもり,159383
2024/4/15,くもり,147893
2024/4/16,くもり,139016
2024/4/17,くもり,134803
2024/4/18,くもり,132275
2024/4/19,くもり,123312
2024/4/20,くもり,130473
2024/4/21,晴れ,151155
2024/4/22,くもり,152968
2024/4/23,くもり,135826
2024/4/24,くもり,144205
2024/4/25,雨,128753
2024/4/26,晴れ,134331
2024/4/27,晴れ,162479
2024/4/28,くもり,157860
2024/4/29,くもり,175915
2024/4/30,雨,135522
2024/5/1,晴れ,142249
2024/5/2,晴れ,128951
2024/5/3,晴れ,144974
2024/5/4,晴れ,174355
2024/5/5,晴れ,196228
2024/5/6,雨,164803
2024/5/7,晴れ,151738
2024/5/8,くもり,138609
2024/5/9,晴れ,140500
2024/5/10,くもり,130320
2024/5/11,晴れ,162571
2024/5/12,晴れ,179387
2024/5/13,くもり,152563
2024/5/14,くもり,152492
2024/5/15,雨,133631
2024/5/16,くもり,119601
2024/5/17,晴れ,143340
2024/5/18,晴れ,160599
2024/5/19,くもり,154548
2024/5/20,くもり,165481
2024/5/21,くもり,150479
2024/5/22,くもり,143315
2024/5/23,晴れ,138078
2024/5/24,晴れ,152901
2024/5/25,晴れ,182054
2024/5/26,晴れ,175436
2024/5/27,晴れ,169297
2024/5/28,晴れ,155513
2024/5/29,晴れ,158594
2024/5/30,晴れ,163828
2024/5/31,晴れ,167546
2024/6/1,くもり,156584
2024/6/2,雨,143173
2024/6/3,雨,129046
2024/6/4,晴れ,128402
2024/6/5,くもり,123382
2024/6/6,雨,119825
2024/6/7,くもり,132826
2024/6/8,くもり,134599
2024/6/9,雨,119196
2024/6/10,晴れ,151801
2024/6/11,晴れ,146197
2024/6/12,晴れ,138442
2024/6/13,晴れ,136365
2024/6/14,晴れ,131930
2024/6/15,くもり,140894
2024/6/16,雨,132911
2024/6/17,くもり,141007
2024/6/18,雨,129637
2024/6/19,晴れ,132441
2024/6/20,晴れ,138430
2024/6/21,くもり,123934
2024/6/22,くもり,129636
2024/6/23,くもり,143815
2024/6/24,くもり,138125
2024/6/25,雨,110948
2024/6/26,晴れ,147160
2024/6/27,晴れ,150436
2024/6/28,くもり,144470
2024/6/29,晴れ,159510
2024/6/30,くもり,143194
2024/7/1,雨,126602
2024/7/2,くもり,141152
2024/7/3,雨,120009
2024/7/4,くもり,138373
2024/7/5,晴れ,159431
2024/7/6,晴れ,186831
2024/7/7,くもり,159921
2024/7/8,くもり,152302
2024/7/9,くもり,133845
2024/7/10,晴れ,152275
2024/7/11,晴れ,156246
2024/7/12,晴れ,178280
2024/7/13,晴れ,192191
2024/7/14,晴れ,200209
2024/7/15,くもり,196694
2024/7/16,晴れ,167697
2024/7/17,晴れ,172868
2024/7/18,晴れ,157796
2024/7/19,くもり,158080
2024/7/20,晴れ,155780
2024/7/21,晴れ,178457
2024/7/22,晴れ,175169
2024/7/23,晴れ,169871
2024/7/24,くもり,171196
2024/7/25,晴れ,186911
2024/7/26,雨,157432
2024/7/27,雨,144387
2024/7/28,晴れ,166168
2024/7/29,くもり,148183
2024/7/30,雨,132007
2024/7/31,雨,123190
2024/8/1,晴れ,146241
2024/8/2,晴れ,169878
2024/8/3,晴れ,184876
2024/8/4,晴れ,194198
2024/8/5,晴れ,182243
2024/8/6,晴れ,189875
2024/8/7,晴れ,170521
2024/8/8,晴れ,171531
2024/8/9,晴れ,191118
2024/8/10,晴れ,183508
2024/8/11,晴れ,212934
2024/8/12,晴れ,219504
2024/8/13,晴れ,190357
2024/8/14,晴れ,181286
2024/8/15,晴れ,148208
2024/8/16,晴れ,155592
2024/8/17,晴れ,178053
2024/8/18,くもり,156823
2024/8/19,晴れ,151496
2024/8/20,くもり,151661
2024/8/21,晴れ,172771
2024/8/22,くもり,164556
2024/8/23,晴れ,183377
2024/8/24,くもり,170819
2024/8/25,晴れ,165687
2024/8/26,くもり,156917
2024/8/27,雨,123260
2024/8/28,晴れ,146393
2024/8/29,くもり,139404
2024/8/30,晴れ,172242
2024/8/31,晴れ,166311
2024/9/1,くもり,163836
2024/9/2,雨,131116
2024/9/3,くもり,134377
2024/9/4,晴れ,149922
2024/9/5,くもり,150725
2024/9/6,くもり,137196
2024/9/7,くもり,150606
2024/9/8,雨,132674
2024/9/9,晴れ,142290
2024/9/10,晴れ,150816
2024/9/11,晴れ,155488
2024/9/12,くもり,145952
2024/9/13,雨,129231
2024/9/14,雨,129692
2024/9/15,晴れ,136707
2024/9/16,くもり,179874
2024/9/17,くもり,142723
2024/9/18,晴れ,146971
2024/9/19,晴れ,159121
2024/9/20,くもり,144714
2024/9/21,くもり,170204
2024/9/22,くもり,189306
2024/9/23,くもり,189689
2024/9/24,くもり,155851
2024/9/25,くもり,130540
2024/9/26,雨,108688
2024/9/27,雨,104822
2024/9/28,雨,109729
2024/9/29,雨,113250
2024/9/30,晴れ,142389
2024/10/1,晴れ,152028
2024/10/2,雨,128970
2024/10/3,晴れ,135674
2024/10/4,くもり,138148
2024/10/5,晴れ,167085
2024/10/6,晴れ,174683
2024/10/7,晴れ,168592
2024/10/8,雨,144003
2024/10/9,晴れ,145724
2024/10/10,晴れ,153883
2024/10/11,晴れ,132264
2024/10/12,晴れ,139227
2024/10/13,雨,127178
2024/10/14,晴れ,145217
2024/10/15,くもり,117227
2024/10/16,くもり,123372
2024/10/17,晴れ,143167
2024/10/18,晴れ,169288
2024/10/19,晴れ,181471
2024/10/20,晴れ,163605
2024/10/21,くもり,154361
2024/10/22,くもり,133629
2024/10/23,くもり,135677
2024/10/24,晴れ,135748
2024/10/25,晴れ,155924
2024/10/26,晴れ,157623
2024/10/27,晴れ,179739
2024/10/28,晴れ,167387
2024/10/29,晴れ,158398
2024/10/30,晴れ,138277
2024/10/31,くもり,124636
2024/11/1,くもり,130248
2024/11/2,くもり,129326
2024/11/3,雨,135757
2024/11/4,晴れ,169640
2024/11/5,くもり,146490
2024/11/6,晴れ,155906
2024/11/7,雨,125465
2024/11/8,晴れ,135751
2024/11/9,晴れ,164647
2024/11/10,晴れ,173021
2024/11/11,晴れ,169630
2024/11/12,晴れ,176943
2024/11/13,くもり,151019
2024/11/14,雨,129549
2024/11/15,晴れ,149037
2024/11/16,晴れ,160083
2024/11/17,くもり,144100
2024/11/18,晴れ,152890
2024/11/19,晴れ,140139
2024/11/20,晴れ,131960
2024/11/21,晴れ,125987
2024/11/22,晴れ,145307
2024/11/23,くもり,158607
2024/11/24,晴れ,158585
2024/11/25,くもり,131345
2024/11/26,晴れ,147160
2024/11/27,くもり,149634
2024/11/28,晴れ,145026
2024/11/29,くもり,134949
2024/11/30,くもり,144820
2024/12/1,晴れ,152180
2024/12/2,くもり,137939
2024/12/3,くもり,125486
2024/12/4,くもり,135517
2024/12/5,くもり,126463
2024/12/6,くもり,119170
2024/12/7,くもり,131738
2024/12/8,くもり,136482
2024/12/9,くもり,143517
2024/12/10,くもり,133760
2024/12/11,雨,115047
2024/12/12,雨,106992
2024/12/13,雨,113592
2024/12/14,雨,124864
2024/12/15,雨,125405
2024/12/16,くもり,130862
2024/12/17,晴れ,123299
2024/12/18,晴れ,138189
2024/12/19,くもり,130954
2024/12/20,雨,126859
2024/12/21,くもり,133359
2024/12/22,晴れ,170232
2024/12/23,くもり,151662
2024/12/24,晴れ,150095
2024/12/25,くもり,142627
2024/12/26,くもり,141376
2024/12/27,晴れ,153169
2024/12/28,晴れ,152718
2024/12/29,晴れ,160128
